Keyword,Intent,Volume,Keyword Difficulty,CPC (USD),SERP Features
openehr,Navigational,260,48,9.83,"Sitelinks, Image pack, Video, People also ask, Related searches"
better openehr,,20,,0.00,
ckm openehr,,20,,0.00,
ethical healthcare consulting openehr solutions consulting,,20,,0.00,
fhir vs openehr,,20,,0.00,
openehr api,,20,,0.00,
openehr archetypes,,20,,0.00,
openehr ckm,,20,,0.00,
openehr clinical knowledge manager,,20,,0.00,
openehr conference,,20,,0.00,
openehr data model,,20,,0.00,
openehr demo,,20,,0.00,
openehr download,,20,,0.00,
openehr fhir,,20,,0.00,
openehr foundation,,20,,0.00,
openehr standard,,20,,0.00,
openehr vs fhir,,20,,0.00,
openehr vs openemr,,20,,0.00,
openemr vs openehr,,20,,0.00,
what is openehr,,20,,0.00,
fhir openehr,,10,,0.00,
openehr aql,,10,,0.00,
openehr architecture,,10,,0.00,
openehr certification,,10,,0.00,
openehr database,,10,,0.00,
openehr implementations,,10,,0.00,
openehr news september 2025,,10,,0.00,
openehr reference model,,10,,0.00,
openehr rest api,,10,,0.00,
openehr software,,10,,0.00,
openehr specification,,10,,0.00,
openehr specifications,,10,,0.00,
openehr vs hl7,,10,,0.00,
advantage of openehr,,0,,0.00,
benefits of openehr,,0,,0.00,
bidirectional fhir openehr mapping,,0,,0.00,
download openehr,,0,,0.00,
fhir openehr document transformation,,0,,0.00,
how to add a physician in openehr,,0,,0.00,
install openehr,,0,,0.00,
iso 13606 openehr,,0,,0.00,
mapping openehr to fhir,,0,,0.00,
microsoft openehr,,0,,0.00,
openehr admin_entry,,0,,0.00,
openehr and fhir,,0,,0.00,
openehr and hl7,,0,,0.00,
openehr archetype editor,,0,,0.00,
openehr archetype model,,0,,0.00,
openehr archetype modeling,,0,,0.00,
openehr archetype modeling for clinical notes,,0,,0.00,
openehr archetypes library,,0,,0.00,
openehr architecture overview,,0,,0.00,
openehr archtypes,,0,,0.00,
openehr blood pressure example,,0,,0.00,
openehr ccda,,0,,0.00,
openehr cluster,,0,,0.00,
openehr components,,0,,0.00,
openehr composition,,0,,0.00,
openehr composition class,,0,,0.00,
openehr conference 2025,,0,,0.00,
openehr data,,0,,0.00,
openehr database schema,,0,,0.00,
openehr definition,,0,,0.00,
openehr demographic,,0,,0.00,
openehr entry,,0,,0.00,
openehr history,,0,,0.00,
openehr hl7,,0,,0.00,
openehr hl7 fhir,,0,,0.00,
openehr implementation,,0,,0.00,
openehr installation,,0,,0.00,
openehr integration,,0,,0.00,
openehr java,,0,,0.00,
openehr model,,0,,0.00,
openehr modeling,,0,,0.00,
openehr open source,,0,,0.00,
openehr section,,0,,0.00,
openehr server,,0,,0.00,
openehr service model,,0,,0.00,
openehr snomed,,0,,0.00,
openehr snomed ct,,0,,0.00,
openehr soap,,0,,0.00,
openehr standards,,0,,0.00,
openehr standards example,,0,,0.00,
openehr structure,,0,,0.00,
openehr technologie,,0,,0.00,
openehr telemedicine,,0,,0.00,
openehr template,,0,,0.00,
openehr template designer,,0,,0.00,
openehr templates,,0,,0.00,
openehr to fhir mapping,,0,,0.00,
openehr tools,,0,,0.00,
openehr tutorial,,0,,0.00,
openehr view contents of cda,,0,,0.00,
openemr openehr,,0,,0.00,
problems with openehr,,0,,0.00,
template designer openehr,,0,,0.00,
who is using openehr,,0,,0.00,
who uses openehr,,0,,0.00,
